<ImportExportXml version="9.1.0.4626" SolutionPackageVersion="9.1" languagecode="3082" generatedBy="CrmLive" xmlns:xsi="http://www.w3.org/2001/XMLSchema-instance">
  <SolutionManifest>
    <UniqueName>DDPdfViewer</UniqueName>
    <LocalizedNames>
      <LocalizedName description="DD Pdf Viewer" languagecode="3082" />
    </LocalizedNames>
    <Descriptions>
      <Description description="Solution PDF Viewer&#xA;+ìnfo: http://dynamicsdd.com/&#xA;+git https://github.com/ddgranizo/dd-crm-pdfviewer&#xA;&#xA;ChangeLog:&#xA;14/05/2019. v1.0.0.1: beta version with visualization of pdfs in annotations with pagination&#xA;13/05/2019. v1.0.0.0: lab" languagecode="3082" />
    </Descriptions>
    <Version>1.0.0.1</Version>
    <Managed>1</Managed>
    <Publisher>
      <UniqueName>danieldazgranizo</UniqueName>
      <LocalizedNames>
        <LocalizedName description="Daniel Díaz Granizo" languagecode="3082" />
      </LocalizedNames>
      <Descriptions />
      <EMailAddress xsi:nil="true"></EMailAddress>
      <SupportingWebsiteUrl xsi:nil="true"></SupportingWebsiteUrl>
      <CustomizationPrefix>ddg</CustomizationPrefix>
      <CustomizationOptionValuePrefix>75605</CustomizationOptionValuePrefix>
      <Addresses>
        <Address>
          <AddressNumber>1</AddressNumber>
          <AddressTypeCode>1</AddressTypeCode>
          <City xsi:nil="true"></City>
          <County xsi:nil="true"></County>
          <Country xsi:nil="true"></Country>
          <Fax xsi:nil="true"></Fax>
          <FreightTermsCode xsi:nil="true"></FreightTermsCode>
          <ImportSequenceNumber xsi:nil="true"></ImportSequenceNumber>
          <Latitude xsi:nil="true"></Latitude>
          <Line1 xsi:nil="true"></Line1>
          <Line2 xsi:nil="true"></Line2>
          <Line3 xsi:nil="true"></Line3>
          <Longitude xsi:nil="true"></Longitude>
          <Name xsi:nil="true"></Name>
          <PostalCode xsi:nil="true"></PostalCode>
          <PostOfficeBox xsi:nil="true"></PostOfficeBox>
          <PrimaryContactName xsi:nil="true"></PrimaryContactName>
          <ShippingMethodCode>1</ShippingMethodCode>
          <StateOrProvince xsi:nil="true"></StateOrProvince>
          <Telephone1 xsi:nil="true"></Telephone1>
          <Telephone2 xsi:nil="true"></Telephone2>
          <Telephone3 xsi:nil="true"></Telephone3>
          <TimeZoneRuleVersionNumber xsi:nil="true"></TimeZoneRuleVersionNumber>
          <UPSZone xsi:nil="true"></UPSZone>
          <UTCOffset xsi:nil="true"></UTCOffset>
          <UTCConversionTimeZoneCode xsi:nil="true"></UTCConversionTimeZoneCode>
        </Address>
        <Address>
          <AddressNumber>2</AddressNumber>
          <AddressTypeCode>1</AddressTypeCode>
          <City xsi:nil="true"></City>
          <County xsi:nil="true"></County>
          <Country xsi:nil="true"></Country>
          <Fax xsi:nil="true"></Fax>
          <FreightTermsCode xsi:nil="true"></FreightTermsCode>
          <ImportSequenceNumber xsi:nil="true"></ImportSequenceNumber>
          <Latitude xsi:nil="true"></Latitude>
          <Line1 xsi:nil="true"></Line1>
          <Line2 xsi:nil="true"></Line2>
          <Line3 xsi:nil="true"></Line3>
          <Longitude xsi:nil="true"></Longitude>
          <Name xsi:nil="true"></Name>
          <PostalCode xsi:nil="true"></PostalCode>
          <PostOfficeBox xsi:nil="true"></PostOfficeBox>
          <PrimaryContactName xsi:nil="true"></PrimaryContactName>
          <ShippingMethodCode>1</ShippingMethodCode>
          <StateOrProvince xsi:nil="true"></StateOrProvince>
          <Telephone1 xsi:nil="true"></Telephone1>
          <Telephone2 xsi:nil="true"></Telephone2>
          <Telephone3 xsi:nil="true"></Telephone3>
          <TimeZoneRuleVersionNumber xsi:nil="true"></TimeZoneRuleVersionNumber>
          <UPSZone xsi:nil="true"></UPSZone>
          <UTCOffset xsi:nil="true"></UTCOffset>
          <UTCConversionTimeZoneCode xsi:nil="true"></UTCConversionTimeZoneCode>
        </Address>
      </Addresses>
    </Publisher>
    <RootComponents>
      <RootComponent type="61" schemaName="ddg_/PdfViewer/css/bootstrap.min.css" behavior="0" />
      <RootComponent type="61" schemaName="ddg_/PdfViewer/css/main.css" behavior="0" />
      <RootComponent type="61" schemaName="ddg_/PdfViewer/index.html" behavior="0" />
      <RootComponent type="61" schemaName="ddg_/PdfViewer/js/angular.min.js" behavior="0" />
      <RootComponent type="61" schemaName="ddg_/PdfViewer/js/bootstrap.min.js" behavior="0" />
      <RootComponent type="61" schemaName="ddg_/PdfViewer/js/font-awesome.min.js" behavior="0" />
      <RootComponent type="61" schemaName="ddg_/PdfViewer/js/jquery-3.3.1.slim.min.js" behavior="0" />
      <RootComponent type="61" schemaName="ddg_/PdfViewer/js/main.js" behavior="0" />
      <RootComponent type="61" schemaName="ddg_/PdfViewer/js/pdf.js" behavior="0" />
      <RootComponent type="61" schemaName="ddg_/PdfViewer/js/pdf.worker.js" behavior="0" />
      <RootComponent type="61" schemaName="ddg_/PdfViewer/js/popper.min.js" behavior="0" />
      <RootComponent type="61" schemaName="ddg_/PdfViewer/template/main.html" behavior="0" />
    </RootComponents>
    <MissingDependencies />
  </SolutionManifest>
</ImportExportXml>