<ImportExportXml xmlns:xsi="http://www.w3.org/2001/XMLSchema-instance">
  <Entities></Entities>
  <Roles></Roles>
  <Workflows></Workflows>
  <FieldSecurityProfiles></FieldSecurityProfiles>
  <Templates />
  <EntityMaps />
  <EntityRelationships />
  <OrganizationSettings />
  <optionsets />
  <WebResources>
    <WebResource>
      <WebResourceId>{346f5fbd-fa74-e911-a85b-000d3ab0da57}</WebResourceId>
      <Name>ddg_/PdfViewer/css/bootstrap.min.css</Name>
      <DisplayName>ddg_/PdfViewer/css/bootstrap.min.css</DisplayName>
      <WebResourceType>2</WebResourceType>
      <IntroducedVersion>1.0.0.0</IntroducedVersion>
      <IsEnabledForMobileClient>0</IsEnabledForMobileClient>
      <IsAvailableForMobileOffline>0</IsAvailableForMobileOffline>
      <DependencyXml>&lt;Dependencies&gt;&lt;Dependency componentType="WebResource"/&gt;&lt;/Dependencies&gt;</DependencyXml>
      <IsCustomizable>1</IsCustomizable>
      <CanBeDeleted>1</CanBeDeleted>
      <IsHidden>0</IsHidden>
      <FileName>/WebResources/ddg_PdfViewercssbootstrapmincss346F5FBD-FA74-E911-A85B-000D3AB0DA57</FileName>
    </WebResource>
    <WebResource>
      <WebResourceId>{fddcbc08-fb74-e911-a85b-000d3ab0da57}</WebResourceId>
      <Name>ddg_/PdfViewer/css/main.css</Name>
      <DisplayName>ddg_/PdfViewer/css/main.css</DisplayName>
      <WebResourceType>2</WebResourceType>
      <IntroducedVersion>1.0.0.0</IntroducedVersion>
      <IsEnabledForMobileClient>0</IsEnabledForMobileClient>
      <IsAvailableForMobileOffline>0</IsAvailableForMobileOffline>
      <DependencyXml>&lt;Dependencies&gt;&lt;Dependency componentType="WebResource"/&gt;&lt;/Dependencies&gt;</DependencyXml>
      <IsCustomizable>1</IsCustomizable>
      <CanBeDeleted>1</CanBeDeleted>
      <IsHidden>0</IsHidden>
      <FileName>/WebResources/ddg_PdfViewercssmaincssFDDCBC08-FB74-E911-A85B-000D3AB0DA57</FileName>
    </WebResource>
    <WebResource>
      <WebResourceId>{e7458440-fb74-e911-a85b-000d3ab0da57}</WebResourceId>
      <Name>ddg_/PdfViewer/index.html</Name>
      <DisplayName>ddg_/PdfViewer/index.html</DisplayName>
      <WebResourceType>1</WebResourceType>
      <IntroducedVersion>1.0.0.0</IntroducedVersion>
      <IsEnabledForMobileClient>0</IsEnabledForMobileClient>
      <IsAvailableForMobileOffline>0</IsAvailableForMobileOffline>
      <DependencyXml>&lt;Dependencies&gt;&lt;Dependency componentType="WebResource"/&gt;&lt;/Dependencies&gt;</DependencyXml>
      <IsCustomizable>1</IsCustomizable>
      <CanBeDeleted>1</CanBeDeleted>
      <IsHidden>0</IsHidden>
      <FileName>/WebResources/ddg_PdfViewerindexhtmlE7458440-FB74-E911-A85B-000D3AB0DA57</FileName>
    </WebResource>
    <WebResource>
      <WebResourceId>{aedbae08-fc74-e911-a85b-000d3ab0da57}</WebResourceId>
      <Name>ddg_/PdfViewer/js/angular.min.js</Name>
      <DisplayName>ddg_/PdfViewer/js/angular.min.js</DisplayName>
      <WebResourceType>3</WebResourceType>
      <IntroducedVersion>1.0.0.0</IntroducedVersion>
      <IsEnabledForMobileClient>0</IsEnabledForMobileClient>
      <IsAvailableForMobileOffline>0</IsAvailableForMobileOffline>
      <DependencyXml>&lt;Dependencies&gt;&lt;Dependency componentType="WebResource"/&gt;&lt;/Dependencies&gt;</DependencyXml>
      <IsCustomizable>1</IsCustomizable>
      <CanBeDeleted>1</CanBeDeleted>
      <IsHidden>0</IsHidden>
      <FileName>/WebResources/ddg_PdfViewerjsangularminjsAEDBAE08-FC74-E911-A85B-000D3AB0DA57</FileName>
    </WebResource>
    <WebResource>
      <WebResourceId>{f54a5c22-fc74-e911-a85b-000d3ab0da57}</WebResourceId>
      <Name>ddg_/PdfViewer/js/bootstrap.min.js</Name>
      <DisplayName>ddg_/PdfViewer/js/bootstrap.min.js</DisplayName>
      <WebResourceType>3</WebResourceType>
      <IntroducedVersion>1.0.0.0</IntroducedVersion>
      <IsEnabledForMobileClient>0</IsEnabledForMobileClient>
      <IsAvailableForMobileOffline>0</IsAvailableForMobileOffline>
      <DependencyXml>&lt;Dependencies&gt;&lt;Dependency componentType="WebResource"/&gt;&lt;/Dependencies&gt;</DependencyXml>
      <IsCustomizable>1</IsCustomizable>
      <CanBeDeleted>1</CanBeDeleted>
      <IsHidden>0</IsHidden>
      <FileName>/WebResources/ddg_PdfViewerjsbootstrapminjsF54A5C22-FC74-E911-A85B-000D3AB0DA57</FileName>
    </WebResource>
    <WebResource>
      <WebResourceId>{8a8b4038-fc74-e911-a85b-000d3ab0da57}</WebResourceId>
      <Name>ddg_/PdfViewer/js/font-awesome.min.js</Name>
      <DisplayName>ddg_/PdfViewer/js/font-awesome.min.js</DisplayName>
      <WebResourceType>3</WebResourceType>
      <IntroducedVersion>1.0.0.0</IntroducedVersion>
      <IsEnabledForMobileClient>0</IsEnabledForMobileClient>
      <IsAvailableForMobileOffline>0</IsAvailableForMobileOffline>
      <DependencyXml>&lt;Dependencies&gt;&lt;Dependency componentType="WebResource"/&gt;&lt;/Dependencies&gt;</DependencyXml>
      <IsCustomizable>1</IsCustomizable>
      <CanBeDeleted>1</CanBeDeleted>
      <IsHidden>0</IsHidden>
      <FileName>/WebResources/ddg_PdfViewerjsfont-awesomeminjs8A8B4038-FC74-E911-A85B-000D3AB0DA57</FileName>
    </WebResource>
    <WebResource>
      <WebResourceId>{877cb85c-fc74-e911-a85b-000d3ab0da57}</WebResourceId>
      <Name>ddg_/PdfViewer/js/jquery-3.3.1.slim.min.js</Name>
      <DisplayName>ddg_/PdfViewer/js/jquery-3.3.1.slim.min.js</DisplayName>
      <WebResourceType>3</WebResourceType>
      <IntroducedVersion>1.0.0.0</IntroducedVersion>
      <IsEnabledForMobileClient>0</IsEnabledForMobileClient>
      <IsAvailableForMobileOffline>0</IsAvailableForMobileOffline>
      <DependencyXml>&lt;Dependencies&gt;&lt;Dependency componentType="WebResource"/&gt;&lt;/Dependencies&gt;</DependencyXml>
      <IsCustomizable>1</IsCustomizable>
      <CanBeDeleted>1</CanBeDeleted>
      <IsHidden>0</IsHidden>
      <FileName>/WebResources/ddg_PdfViewerjsjquery-331slimminjs877CB85C-FC74-E911-A85B-000D3AB0DA57</FileName>
    </WebResource>
    <WebResource>
      <WebResourceId>{e05a0675-fc74-e911-a85b-000d3ab0da57}</WebResourceId>
      <Name>ddg_/PdfViewer/js/main.js</Name>
      <DisplayName>ddg_/PdfViewer/js/main.js</DisplayName>
      <WebResourceType>3</WebResourceType>
      <IntroducedVersion>1.0.0.0</IntroducedVersion>
      <IsEnabledForMobileClient>0</IsEnabledForMobileClient>
      <IsAvailableForMobileOffline>0</IsAvailableForMobileOffline>
      <DependencyXml>&lt;Dependencies&gt;&lt;Dependency componentType="WebResource"/&gt;&lt;/Dependencies&gt;</DependencyXml>
      <IsCustomizable>1</IsCustomizable>
      <CanBeDeleted>1</CanBeDeleted>
      <IsHidden>0</IsHidden>
      <FileName>/WebResources/ddg_PdfViewerjsmainjsE05A0675-FC74-E911-A85B-000D3AB0DA57</FileName>
    </WebResource>
    <WebResource>
      <WebResourceId>{53fef199-fc74-e911-a85b-000d3ab0da57}</WebResourceId>
      <Name>ddg_/PdfViewer/js/popper.min.js</Name>
      <DisplayName>ddg_/PdfViewer/js/popper.min.js</DisplayName>
      <WebResourceType>3</WebResourceType>
      <IntroducedVersion>1.0.0.0</IntroducedVersion>
      <IsEnabledForMobileClient>0</IsEnabledForMobileClient>
      <IsAvailableForMobileOffline>0</IsAvailableForMobileOffline>
      <DependencyXml>&lt;Dependencies&gt;&lt;Dependency componentType="WebResource"/&gt;&lt;/Dependencies&gt;</DependencyXml>
      <IsCustomizable>1</IsCustomizable>
      <CanBeDeleted>1</CanBeDeleted>
      <IsHidden>0</IsHidden>
      <FileName>/WebResources/ddg_PdfViewerjspopperminjs53FEF199-FC74-E911-A85B-000D3AB0DA57</FileName>
    </WebResource>
    <WebResource>
      <WebResourceId>{beadfbac-fc74-e911-a85b-000d3ab0da57}</WebResourceId>
      <Name>ddg_/PdfViewer/js/pdf.js</Name>
      <DisplayName>ddg_/PdfViewer/js/pdf.js</DisplayName>
      <WebResourceType>3</WebResourceType>
      <IntroducedVersion>1.0.0.0</IntroducedVersion>
      <IsEnabledForMobileClient>0</IsEnabledForMobileClient>
      <IsAvailableForMobileOffline>0</IsAvailableForMobileOffline>
      <DependencyXml>&lt;Dependencies&gt;&lt;Dependency componentType="WebResource"/&gt;&lt;/Dependencies&gt;</DependencyXml>
      <IsCustomizable>1</IsCustomizable>
      <CanBeDeleted>1</CanBeDeleted>
      <IsHidden>0</IsHidden>
      <FileName>/WebResources/ddg_PdfViewerjspdfjsBEADFBAC-FC74-E911-A85B-000D3AB0DA57</FileName>
    </WebResource>
    <WebResource>
      <WebResourceId>{21f513b5-0875-e911-a85b-000d3ab0da57}</WebResourceId>
      <Name>ddg_/PdfViewer/js/pdf.worker.js</Name>
      <DisplayName>ddg_/PdfViewer/js/pdf.worker.js</DisplayName>
      <WebResourceType>3</WebResourceType>
      <IntroducedVersion>1.0.0.0</IntroducedVersion>
      <IsEnabledForMobileClient>0</IsEnabledForMobileClient>
      <IsAvailableForMobileOffline>0</IsAvailableForMobileOffline>
      <DependencyXml>&lt;Dependencies&gt;&lt;Dependency componentType="WebResource"/&gt;&lt;/Dependencies&gt;</DependencyXml>
      <IsCustomizable>1</IsCustomizable>
      <CanBeDeleted>1</CanBeDeleted>
      <IsHidden>0</IsHidden>
      <FileName>/WebResources/ddg_PdfViewerjspdfworkerjs21F513B5-0875-E911-A85B-000D3AB0DA57</FileName>
    </WebResource>
    <WebResource>
      <WebResourceId>{7bbeafb8-4b75-e911-a85b-000d3ab0da57}</WebResourceId>
      <Name>ddg_/PdfViewer/template/main.html</Name>
      <DisplayName>ddg_/PdfViewer/template/main.html</DisplayName>
      <WebResourceType>1</WebResourceType>
      <IntroducedVersion>1.0.0.0</IntroducedVersion>
      <IsEnabledForMobileClient>0</IsEnabledForMobileClient>
      <IsAvailableForMobileOffline>0</IsAvailableForMobileOffline>
      <DependencyXml>&lt;Dependencies&gt;&lt;Dependency componentType="WebResource"/&gt;&lt;/Dependencies&gt;</DependencyXml>
      <IsCustomizable>1</IsCustomizable>
      <CanBeDeleted>1</CanBeDeleted>
      <IsHidden>0</IsHidden>
      <FileName>/WebResources/ddg_PdfViewertemplatemainhtml7BBEAFB8-4B75-E911-A85B-000D3AB0DA57</FileName>
    </WebResource>
  </WebResources>
  <CustomControls />
  <EntityDataProviders />
  <Languages>
    <Language>3082</Language>
    <Language>1027</Language>
    <Language>1033</Language>
    <Language>1081</Language>
  </Languages>
</ImportExportXml>